dt_s,checks_all,checks_ego,near_all,near_ego,duration_all_s,duration_ego_s,checks_per_sec_all,checks_per_sec_ego,near_checks_per_sec_all,near_checks_per_sec_ego
0.001,6676629,419009,3165695,163751,6676.368330478668,418.99880957603455,1000.039043610003,1000.0243208900182,474.16422271792675,390.81495282932195
0.01,667943,41911,316688,16378,6676.368330478668,418.99880957603455,100.04585830753757,100.02653716942011,47.434171442319865,39.08841654364636
0.1,67076,4201,31793,1640,6676.368330478668,418.99880957603455,10.046779428538647,10.026281469035192,4.7620200723288395,3.9140922659408983
0.2,33665,2106,15974,820,6676.368330478668,418.99880957603455,5.04241203204952,5.0262672634582515,2.392618143471232,1.9570461329704492
